codigo;instrumento;rango;modelo;serie;marca;ubicacion;frecuencia_control;ultima_fecha_control;fecha_vencimiento;num_certificado;observacion;estado;unidadMedida;fechaBaja
AL1;ALESOMETRO;18-35;;137762 COMP165412;DIAL BORE GAGE;CALIDAD;1;30/04/2024;30/04/2025;1849-09-16;COMP-Aguja inestable;APTO;;
AL2;ALESOMETRO;35-50;;165412 COMP15811;DIAL BORE GAGE;CALIDAD;1;16/02/2024;15/02/2025;1862/09-16;B. Estado;APTO;;
AL3;ALESOMETRO;50-160;;165692 COMP165692;;CALIDAD;1;30/04/2024;30/04/2025;1854-09-16;;APTO;;
BAL1;BALANZA DIGITAL;5G-3KG;NHB-6000;5028076018;PREC;CALIDAD;2;07/04/2024;07/04/2025;;;APTO;;
BP1;BLOQUES PATRÓN;5-100;-;190589;ACCUD;CALIDAD;10;04/04/2022;01/04/2032;;Juego de 47 bloques patrones;APTO;mm;
CA1;CALIBRE MECANICO;0-300;;S/N;;CALIDAD;1;16/02/2024;15/02/2025;;Matriceria ( sin estuche);APTO;;
CA10;CALIBRE MECANICO;0-200MM;;;;PRODUCCION;;;;;No posee codigo;APTO;;
CA11;CALIBRE MECANICO;0-200;;;;DTO TECNICO;;;;;No posee codigo;APTO;;
CA12;CALIBRE MECANICO;0-300;S/N;ART 1008;Trofeo;CALIDAD;0,5;;;;SIN OBSERVACIONES;sin definir;mm;
CA13;CALIBRE MECANICO;0-300;Stainless Hardened;S/N;Mitutoyo;CALIDAD;1;16/02/2024;15/02/2025;;SIN OBSERVACIONES;APTO;mm;
CA14;CALIBRE MECANICO;0-650;-;-;BRITANNIA;CALIDAD;1;17/02/2024;16/02/2025;;INDUSTRIA ARGENTINA;NO EXISTE;mm;
CA2;CALIBRE MECANICO;0-350;;S/N;BORLETTI;PRODUCCION;3;04/10/2021;03/10/2024;;CALIBRE DE REFERENCIA SOLO PARA CHEQUEO;DE REFERENCIA;;
CA3;CALIBRE MECANICO;0-550;;S/N;;PRODUCCION;1;16/02/2024;15/02/2025;;;APTO;;
CA4;CALIBRE MECANICO;0-300;;S/N;;CALIDAD;1;16/02/2024;15/02/2025;;Tornillo de freno roto;APTO;;
CA5;CALIBRE MECANICO;0-150;;S/N;SCHWZ;PRODUCCION;1;24/04/2024;24/04/2025;;Matriceria;NO EXISTE;;
CA6;CALIBRE MECANICO;0-500;;S/N;ETALON;;1;;;;;NO EXISTE;;
CA7;CALIBRE MECANICO;0-200;;;TRICLE BRAND;PRODUCCION;1;;;;;NO EXISTE;;
CA8;CALIBRE MECANICO;;;;;TM1;;;;;;APTO;;
CA9;CALIBRE MECANICO;;;942044;;SOLDADURA;;;;;;APTO;;
CAC1;CALIBRE CENTESIMAL A RELOJ;0-150;;505 626 50;MITUTOYO;CALIDAD;1;16/02/2024;15/02/2025;;;APTO;;
CAD10;CALIBRE DIGITAL;0-150;;S/N;SCHWYZ;PULIDO;1;16/02/2024;15/02/2025;1892-09-16;;APTO;;
CAD12;CALIBRE DIGITAL;0-150;COOLANT PROOF IP66;S/N;MITUTOYO;PRODUCCION;1;16/02/2024;15/02/2025;;Lucas Molinari;APTO;;
CAD18;CALIBRE DIGITAL;0-200;91512;A-03045;SATA;MATRICERIA;1;05/08/2025;06/08/2026;;( Matriceria);APTO;;
CAD21;CALIBRE DIGITAL;0-150;;S/N;DIGIMESS;PRODUCCION;1;16/02/2024;15/02/2025;;Taller modelo;APTO;;
CAD23;CALIBRE DIGITAL;0-150;;S/N;DIGITAL CALIPER;CALIDAD;1;;;;;NO EXISTE;;
CAD29;CALIBRE DIGITAL;0-200;;;STAINLESS HARDENED;PRODUCCIÓN;0,5;;;;VENCIDO;;;
CAD3;CALIBRE DIGITAL;0-150;;S/N;DIGIMESS;PULIDO;1;16/02/2024;15/02/2025;;;APTO;;
CAD30;CALIBRE DIGITAL;0-150;;;DIGIMESS;PAÑOL;1;24/04/2024;24/04/2025;;Pantalla rota;APTO;;
CAD37;CALIBRE DIGITAL;0-150;"CD-P6""S";B17114733;MITUTOYO;PRODUCCION;0,5;05/08/2025;15/12/2025;;Asignado a Facundo;APTO;mm;
CAD38;CALIBRE DIGITAL;0-150;.;sin Nro;stainles;CALIDAD;0,5;05/08/2024;06/08/2025;;Usado solo para controles de calidad;APTO;mm;
CAD39;CALIBRE DIGITAL;0-200;s/m;s/n;stainless;PRODUCCION;0,5;17/02/2024;17/08/2024;;DMG (NAHUEL);APTO;mm;
CAD40;CALIBRE DIGITAL;0-150;CD-P6'S;B18241290;MITUTOYO;TORNOS;0,5;05/08/2025;06/08/2026;;UTILIZADO POR LUCAS MOLINARI;APTO;mm;
CAD41;CALIBRE DIGITAL;0-200;-;-;STANLLESS;CALIDAD;0,5;;;;SIN OBSERVACIONES;NO EXISTE;mm;
CAD42;CALIBRE DIGITAL;0-200;-;-;Absolute digimatic;PRODUCCION;1;16/02/2024;15/02/2025;;SIN OBSERVACIONES;APTO;mm;
CAD43;CALIBRE DIGITAL;0-200;-;-;STAINLESS HARDENED;DTO TECNICO;0,5;06/08/2025;06/08/2026;;SIN OBSERVACIONES;APTO;mm;
CAD44;CALIBRE DIGITAL;0-200;-;-;SATA;MATRICERÍA;0,5;05/08/2025;06/08/2026;;SIN OBSERVACIONES;APTO;mm;
CAD7;CALIBRE DIGITAL;0-150;DIGIMATIC;7002625;MITUTOYO;MATRICERIA;1;16/02/2024;15/02/2025;;;APTO;;
CAD9;CALIBRE DIGITAL;0-150;;S/N;SCHWYZ;CALIDAD;1;;;;;NO EXISTE;;
CAP1;CALIBRE PROFUNDIDAD;0-300;;S/N;DIGIMESS;CALIDAD;1;;;;;NO EXISTE;;
CAP2;CALIBRE PROFUNDIDAD;0-300;;S/N;HELIOS;PRODUCCION;1;16/02/2024;15/02/2025;;;APTO;;
CAP3;CALIBRE PROFUNDIDAD;0-300;;81933;MITUTOYO;CALIDAD;0,5;22/03/2024;20/09/2024;;Le falta regulador de movimiento. No posee estuche.;APTO;;
CAP4;CALIBRE PROFUNDIDAD;0-200;;S/N;TESA;PRODUCCIÓN;1;22/03/2024;22/03/2025;;;APTO;;
CAP5;CALIBRE PROFUNDIDAD;0-200;;OO9378;MITUTOYO;CALIDAD;1;22/03/2024;22/03/2025;;;APTO;;
CAP6;CALIBRE PROFUNDIDAD;0-300;;O82078;MITUTOYO;PRODUCCIÓN;1;21/03/2024;21/03/2025;;;APTO;;
CAP7;CALIBRE PROFUNDIDAD;0-300;;1449747;ASIMETO;CALIDAD;1;;;;-;NO EXISTE;;
CAP8;CALIBRE PROFUNDIDAD;0-300;;;MITUTOYO;PRODUCCION;;;;;No posee codigo;APTO;;
CAP9;CALIBRE PROFUNDIDAD;0-20;;;;PRODUCCION;;;;;No posee codigo;APTO;;
COMP1;COMPARADOR CENTESIMAL;0-10;;176645;ACCUD;PULIDO;0,5;17/02/2024;17/08/2024;;;APTO;mm;
COMP10;COMPARADOR CENTESIMAL;0-1.5;-;-;ISARD;VM3;1;03/05/2024;03/05/2025;;SIN OBSERVACIONES;NO EXISTE;mm;
COMP11;COMPARADOR CENTESIMAL;0-1.5;-;-;ISARD;PRODUCCION;1;03/05/2024;03/05/2025;;SIN OBSERVACIONES;NO EXISTE;mm;
COMP12;COMPARADOR CENTESIMAL;0-10;-;192814;-;DMG 800V;0,5;;;;SIN OBSERVACIONES;NO EXISTE;mm;
COMP13;COMPARADOR CENTESIMAL;0-10;-;210803;ISARD;CALIDAD;0,5;17/02/2024;17/08/2024;;-;APTO;mm;
COMP3;COMPARADOR CENTESIMAL;0-10;;187073;ISARD;PRODUCCION;0,5;17/02/2024;17/08/2024;;;APTO;mm;
COMP4;COMPARADOR CENTESIMAL;0-10;-;188941;ISARD;VF2;0,5;17/02/2024;17/08/2024;;ASIGNADO A MÁQUINAS VF2 Y DMG;NO EXISTE;mm;
COMP5;COMPARADOR CENTESIMAL;0-10;-;192814;-;TORNOS;0,5;17/02/2024;17/08/2024;;SIN OBSERVACIONES;NO EXISTE;mm;
COMP6;COMPARADOR CENTESIMAL;0-10;-;198324;-;CALIDAD;0,5;17/02/2024;17/08/2024;;SIN OBSERVACIONES;NO EXISTE;mm;
COMP7;COMPARADOR CENTESIMAL;0-10;-;414MI;ISARD;CALIDAD;0,5;16/02/2024;16/08/2024;;SIN OBSERVACIONES;APTO;mm;
COMP8;COMPARADOR CENTESIMAL;0-10;-;188941;ISARD;CALIDAD;0,5;17/02/2024;17/08/2024;;SIN OBSERVACIONES;APTO;mm;
COMP9;COMPARADOR CENTESIMAL;0-10;-;196436;ISSARD;CALIDAD;0,5;17/02/2024;17/08/2024;;Reloj comparador;NO EXISTE;mm;
CP04;CALIBRE DE PROFUNDIDAD;;S/M;S/N°;S/M;PRODUCCIÓN;0;05/08/2025;06/08/2025;;;APTO;mm;
CP06;CALIBRE DE PROFUNDIDAD;;S/M;S/N°;S/M;PRODUCCIÓN;0;05/08/2025;06/08/2025;;;APTO;mm;
CPR1;CALIBRE PIE DE REY;0-300;;S/N;;CALIDAD;2;17/02/2024;16/02/2026;;Serie: 60992;NO EXISTE;;
CPR2;CALIBRE PIE DE REY;0-450;-;151113/02;-;CALIDAD;0,5;01/03/2024;30/08/2024;;SIN OBSERVACIONES;NO EXISTE;mm;
CPR3;CALIBRE PIE DE REY;0-450;-;O41013;-;PRODUCCION;0,5;04/03/2024;02/09/2024;;SIN OBSERVACIONES;NO EXISTE;mm;
CPR4;CALIBRE PIE DE REY;0mm-500mm;N/A;N/A;Stainless;PRODUCCIÓN;0,5;05/08/2025;06/08/2026;;;APTO;0,01 mm;
CR1;CALIBRE DE ROSCA;1-18-1-18;Anillo P-np 1-18 -2A;NC 15903- NC15904;BOTSA;CALIDAD;0;;;;Prestado por el cliente Binning Oil Tools;APTO;mm;
CR2;CALIBRE DE ROSCA;1-14-1-14;TAPON 1-14 2B;NC 20632;BOTSA;CALIDAD;0;;;;Prestado por cliente Binning Oil Tools;APTO;mm;
CR3;CALIBRE DE ROSCA;1/16 - 18-1/16-18;TAPON 1-14 2B;NC 20632;BOTSA;CALIDAD;0;;;;Prestado por el cliente Binning Oil Tools;APTO;mm;
CR4;CALIBRE DE ROSCA;9/16 - 18-9/16 - 18;ANILLO P-NP 9/16-18 3A;19801-19802;BOTSA;CALIDAD;0;;;;Prestado por el cliente Binning Oil Tools;APTO;mm;
CR5;CALIBRE DE ROSCA;5/8-18-5/8-18 2B;Tapón P-NP 5/8-18 2B;NC 22574;BOTSA;CALIDAD;0;;;;Prestado por cliente Binning Oil Tools;APTO;mm;
ESC1;ESCUADRA CON NIVEL;150X150;;;;;2;17/02/2024;16/02/2026;;;NO EXISTE;;
EXT1;EXTENSIBLE;100.76-100.76;S/M;S/Nº;HARTFORD;CALIDAD;1;16/02/2024;15/02/2025;;SIN OBSERVACIONES;APTO;mm;
EXT2;EXTENSIBLE;85.80-85.80;S/M;S/Nº;HARTFORD;CALIDAD;1;16/02/2024;15/02/2025;;SIN OBSERVACIONES;APTO;mm;
EXT3;EXTENSIBLE;75.36-75.36;S/M;S/Nº;HARTFORD;CALIDAD;1;16/02/2024;15/02/2025;;SIN OBSERVACIONES;APTO;mm;
EXT4;EXTENSIBLE;73.10-73.10;S/M;S/Nº;HARTFORD;CALIDAD;1;16/02/2024;15/02/2025;;SIN OBSERVACIONES;APTO;mm;
EXT5;EXTENSIBLE;60.35-60.35;S/M;S/Nº;HARTFORD;CALIDAD;1;16/02/2024;15/02/2025;;SIN OBSERVACIONES;APTO;mm;
EXT6;EXTENSIBLE;49.97-49.97;S/M;S/Nº;HARTFORD;CALIDAD;1;16/02/2024;15/02/2025;;SIN OBSERVACIONES;APTO;mm;
EXT7;EXTENSIBLE;35.02-35.02;S/M;S/Nº;HARTFORD;CALIDAD;1;16/02/2024;15/02/2025;;SIN OBSERVACIONES;APTO;mm;
GNI1;GONIOMETRO;;;4-6082123;DIGIMESS;CALIDAD;10;;;;NO LIBERA PRODUCTO;DE REFERENCIA;;
GNI2;GONIOMETRO;;;S/N;;CALIDAD;10;;;;Estuche en mal estado. Faltan accesorios;DE REFERENCIA;;
GNI3;GONIOMETRO;;;S/N;STRONGER;CALIDAD;10;;;;;DE REFERENCIA;;
MIC1;MICROMETRO CENTESIMAL;75-100;;;;MATRICERÍA;1;05/08/2025;06/08/2025;;;APTO;;
MIC10;MICROMETRO CENTESIMAL;25-50;;L78069;NSK;MATRICERÍA/PRODUCCIÓN;1;05/08/2025;06/08/2026;;-;APTO;;
MIC101;MICROMETRO CENTESIMAL;0-25;101-01-0;100177443;WARSZAWA;MATRICERÍA;1;05/08/2025;06/08/2025;1845-09-16;Perfecto;NO EXISTE;;
MIC102;MICROMETRO CENTESIMAL;50-75;101-03-0;O80838831;ASIMETO;;1;;;;;NO EXISTE;;
MIC103;MICROMETRO CENTESIMAL;0-25;-;-;-;CALIDAD;5;19/07/2022;18/07/2027;;SIN OBSERVACIONES;APTO;mm;
MIC104;MICROMETRO CENTESIMAL;0-25;n/l;n/l;WARSZAWA;PRODUCCIÓN;0,5;05/08/2025;06/08/2025;;SIN OBSERVACIONES;APTO;mm;
MIC105;MICROMETRO;25-50;n/l;n/l;;MATRICERÍA/PRODUCCIÓN;0,5;05/08/2025;06/08/2026;;SIN OBSERVACIONES;APTO;mm;
MIC11;MICROMETRO CENTESIMAL;225-250;;A49247;DIGIMESS;CALIDAD;1;17/02/2024;16/02/2025;;Perfecto;APTO;;
MIC12;MICROMETRO CENTESIMAL;50-75;S/M;S/N;MICROMETER;CALIDAD;1;19/02/2024;18/02/2025;;;APTO;;
MIC13;MICROMETRO CENTESIMAL;25-50;S/N;S/N;;PRODUCCION;1;05/08/2025;06/08/2025;;;APTO;;
MIC14;MICROMETRO CENTESIMAL;0-125;;;;CALIDAD;;;;;No posee freno;APTO;;
MIC15;MICROMETRO CENTESIMAL;25-50;;;;PAÑOL;;;;;No posee codigo;NO EXISTE;;
MIC16;MICROMETRO CENTESIMAL;50-100;;;;PAÑOL;;;;;No posee codigo;NO EXISTE;;
MIC17;MICROMETRO CENTESIMAL;100-125;;;;PAÑOL;;;;;No posee codigo;NO EXISTE;;
MIC18;MICROMETRO CENTESIMAL;0-50;;;;MATRICERIA;;;;;No posee codigo;APTO;;
MIC19;MICROMETRO CENTESIMAL;0-50;;;;MATRICERIA;;;;;No posee codigo;APTO;;
MIC2;MICROMETRO CENTESIMAL;100-125;;103-141;MITUTOYO;CALIDAD;1;23/03/2024;23/03/2025;1983-10-16;;APTO;;
MIC3;MICROMETRO CENTESIMAL;125-150;;S/N;MICROMETER;CALIDAD;1,5;02/08/2023;30/01/2025;;;APTO;;
MIC4;MICROMETRO CENTESIMAL;125-150;;103-142;MITUTOYO;CALIDAD;1;23/03/2024;23/03/2025;;;APTO;;
MIC5;MICROMETRO CENTESIMAL;175-200;;;MICROMETER;CALIDAD;0,5;30/05/2024;28/11/2024;;Sin serie;APTO;;
MIC6;MICROMETRO CENTESIMAL;150-175;;103-143B;MITUTOYO;CALIDAD;0,5;21/03/2024;19/09/2024;;No funciona (freno);APTO;;
MIC7;MICROMETRO CENTESIMAL;100-125;101-05-0;;ASIMETO;CALIDAD;1;24/04/2024;24/04/2025;1847-09-16;;APTO;;
MIC8;MICROMETRO CENTESIMAL;50-75;;O40546919;DIGIMESS;CALIDAD;1;05/08/2025;06/08/2025;;;APTO;;
MIC9;MICROMETRO CENTESIMAL;0-25;;S/N;STRONGER;PRODUCCION;1;17/02/2024;16/02/2025;;-;NO EXISTE;;
MII1;MICROMETRO INTERIOR;50-200;;91702;MITUTOYO;CALIDAD;1;24/04/2024;24/04/2025;;;APTO;;
MIP1;MICROMETRO PROFUNDIDAD;0-150;;5137;;CALIDAD;0,5;17/02/2024;17/08/2024;;Falta patron mas chico;APTO;;
MIP2;MICROMETRO PROFUNDIDAD;0-150;;119984;MITUTOYO;;1;;;;;APTO;;
MIP3;MICROMETRO PROFUNDIDAD;0-300;;119984;MITUTOYO;CALIDAD;1;11/05/2024;11/05/2025;;Estuche incompleto;APTO;;
NOPASA1;CALIBRE NO PASA;111,27-111,27;-;-;-;CALIDAD;2;18/01/2023;17/01/2025;;SIN OBSERVACIONES;APTO;mm;
NOPASA2;CALIBRE NO PASA;110,11-110,11;-;-;-;CALIDAD;2;02/02/2023;01/02/2025;;SIN OBSERVACIONES;APTO;mm;
NOPASA3;CALIBRE NO PASA;69,83-69,83;-;-;-;CALIDAD;2;02/02/2023;01/02/2025;;SIN OBSERVACIONES;APTO;mm;
NOPASA4;CALIBRE NO PASA;63,47-63,47;-;-;-;CALIDAD;1;17/02/2024;16/02/2025;;SIN OBSERVACIONES;NO EXISTE;mm;
NOPASA5;CALIBRE NO PASA;69,91-69,91;-;-;-;CALIDAD;2;02/02/2023;01/02/2025;;SIN OBSERVACIONES;APTO;mm;
NOPASA6;CALIBRE NO PASA;24,28-24,28;-;-;-;CALIDAD;0,6;17/02/2024;23/09/2024;;PNP INTERNO;NO EXISTE;mm;
P/NP1;CALIBRE P / NP;35.16-35.2;-----;------;---;PRODUCCION;0,5;;;;SIN OBSERVACIONES;NO EXISTE;mm;
P/NP2;CALIBRE P / NP;26.33-26.33;-;-;-;CALIDAD;1;;;;SIN OBSERVACIONES;NO EXISTE;mm;
P/NP3;CALIBRE P / NP;24.90-25.00;-;-;-;CALIDAD;1;;;;SIN OBSERVACIONES;NO EXISTE;mm;
P/NP4;CALIBRE P / NP;26.50-26.57;-;-;-;CALIDAD;1;;;;SIN OBSERVACIONES;NO EXISTE;mm;
PAL2;PALPADOR CENTESIMAL;0.01MM;;120044;NOGA;;0,5;;;;;APTO;;
PAL3;PALPADOR CENTESIMAL;0.01MM;;8K1071;MITUTOYO;;0,5;;;;;APTO;;
PAL4;PALPADOR CENTESIMAL;;;G183682;;;;;;;No Funciona (descalibrado);APTO;;
PAR1;JUEGO DE PARALELAS;;;;VERTEX;;2;17/02/2024;16/02/2026;;;APTO;;
PASA1;CALIBRE PASA;113.43-113.43;-;-;-;CALIDAD;2;18/01/2023;17/01/2025;;SIN OBSERVACIONES;APTO;mm;
PASA10;CALIBRE PASA;25.39-25.40;----;2540;---;PRODUCCION;0,5;17/02/2024;17/08/2024;;SIN OBSERVACIONES;NO EXISTE;mm;
PASA12;CALIBRE PASA;49-49;-;49;-;CALIDAD;1;22/06/2023;21/06/2024;;SIN OBSERVACIONES;APTO;mm;
PASA13;CALIBRE PASA;48-48;-;-;-;CALIDAD;1;22/06/2023;21/06/2024;;SIN OBSERVACIONES;APTO;mm;
PASA15;CALIBRE PASA;45-45;-;45;-;CALIDAD;1;22/06/2023;21/06/2024;;SIN OBSERVACIONES;APTO;mm;
PASA17;CALIBRE PASA;19.66-19.66;-;-;-;CALIDAD;1;17/02/2024;16/02/2025;;SIN OBSERVACIONES;NO EXISTE;mm;
PASA18;CALIBRE PASA;25.00-25.00;-;-;-;CALIDAD;1;17/02/2024;16/02/2025;;SIN OBSERVACIONES;NO EXISTE;mm;
PASA2;CALIBRE PASA;111.18-111.18;-;-;-;CALIDAD;2;18/01/2023;17/01/2025;;SIN OBSERVACIONES;APTO;mm;
PASA20;CALIBRE PASA;79.20-79.20;-;-;-;CALIDAD;1;17/02/2024;16/02/2025;;SIN OBSERVACIONES;NO EXISTE;mm;
PASA21;CALIBRE PASA;10.10-10.10;-;-;-;CALIDAD;1;17/02/2024;16/02/2025;;SIN OBSERVACIONES;NO EXISTE;mm;
PASA22;CALIBRE PASA;76-76;-;-;-;CALIDAD;1;16/02/2024;15/02/2025;;SIN OBSERVACIONES;APTO;mm;
PASA23;CALIBRE PASA;25-25;-;-;-;CALIDAD;1;10/05/2024;10/05/2025;;SIN OBSERVACIONES;APTO;mm;
PASA25;CALIBRE PASA;24.4-24.4;-;-;-;CALIDAD;1;16/02/2025;16/02/2026;;SIN OBSERVACIONES;APTO;mm;
PASA26;CALIBRE PASA;83.75-83.75;-;-;-;CALIDAD;1;17/02/2024;16/02/2025;;SIN OBSERVACIONES;NO EXISTE;mm;
PASA27;CALIBRE PASA;10-10;-;-;-;CALIDAD;1;17/02/2024;16/02/2025;;SIN OBSERVACIONES;NO EXISTE;mm;
PASA28;CALIBRE PASA;10-10;-;-;-;CALIDAD;1;17/02/2024;16/02/2025;;SIN OBSERVACIONES;NO EXISTE;mm;
PASA29;CALIBRE PASA;24-24;-;-;-;DMG 800V;1;28/06/2023;27/06/2024;;SIN OBSERVACIONES;APTO;mm;
PASA3;CALIBRE PASA;110.09-110.09;-;-;-;CALIDAD;2;16/12/2022;15/12/2024;;SIN OBSERVACIONES;APTO;mm;
PASA30;CALIBRE PASA;28-28;-;-;-;DMG 800V;1;11/07/2023;10/07/2024;;CALIBRE Ø DE BOCA;APTO;mm;
PASA4;CALIBRE PASA;120.37-120.37;-;-;-;CALIDAD;2;18/01/2023;17/01/2025;;SIN OBSERVACIONES;APTO;mm;
PASA5;CALIBRE PASA;69.81-69.81;-;-;-;CALIDAD;2;02/02/2023;01/02/2025;;SIN OBSERVACIONES;APTO;mm;
PASA6;CALIBRE PASA;63.44-63.44;-;-;-;CALIDAD;2;02/02/2023;01/02/2025;;SIN OBSERVACIONES;APTO;mm;
PASA7;CALIBRE PASA;24,10-24,10;-;-;-;CALIDAD;0,6;17/02/2024;23/09/2024;;PNP INTERNO;NO EXISTE;mm;
PNP1;PNP;100.49-100.51;----;----;---;PRODUCCION;0,5;16/02/2024;16/08/2024;;SIN OBSERVACIONES;APTO;mm;
PNP2;PNP;69.77-69.83;-;-;-;CALIDAD;0,5;17/02/2024;17/08/2024;;SIN OBSERVACIONES;APTO;mm;
PNP3;PNP;49.97-49.98;-;-;-;CALIDAD;1;16/02/2024;15/02/2025;;SIN OBSERVACIONES;APTO;mm;
PNP4;PNP;25.50-25.55;-;-;-;CALIDAD;1;16/02/2024;15/02/2025;;SIN OBSERVACIONES;APTO;mm;
PNP5;PNP;45.25-45.27;-;-;-;PRODUCCION;0,5;;;;SIN OBSERVACIONES;APTO;mm;
PNP6;PNP;25.72-25.78;-;-;-;TSUGAMI TAM8J;1;10/05/2024;10/05/2025;;SIN OBSERVACIONES;APTO;mm;
PNP7;PNP;38.26-38.29;-;-;-;TSUGAMI TAM8J;1;10/05/2024;10/05/2025;;SIN OBSERVACIONES;APTO;mm;
PNPCAF1;P/NP CAJA DE FONDO;111.12-111.12;S/M;S/Nº;HORTORD;CALIDAD;3;16/02/2024;15/02/2027;;SIN OBSERVACIONES;APTO;mm;
PNPCAF2;P/NP CAJA DE FONDO;85.80-85.80;S/M;S/Nº;HARTFORD;CALIDAD;3;16/02/2024;15/02/2027;;SIN OBSERVACIONES;APTO;mm;
PNPCAF3;P/NP CAJA DE FONDO;85.80-85.80;S/M;S/Nº;HARDTFORD;CALIDAD;3;18/05/2023;17/05/2026;;SIN OBSERVACIONES;APTO;mm;
PNPCAF4;P/NP CAJA DE FONDO;73.10-73.10;S/M;S/Nº;HADTFORD;CALIDAD;3;18/05/2023;17/05/2026;;SIN OBSERVACIONES;APTO;mm;
PNPCAF5;P/NP CAJA DE FONDO;60.35-60.35;S/M;S/Nº;HARDTFORD;CALIDAD;3;18/05/2023;17/05/2026;;SIN OBSERVACIONES;APTO;mm;
PNPCAF6;P/NP CAJA DE FONDO;60.35-60..35;S/M;S/Nº;HARDTFORD;CALIDAD;3;18/05/2023;17/05/2026;;SIN OBSERVACIONES;APTO;mm;
PNPCAF7;P/NP CAJA DE FONDO;35.02-35.02;S/M;S/Nº;HARDTFORD;CALIDAD;3;18/05/2023;17/05/2026;;SIN OBSERVACIONES;APTO;mm;
PNPCAMP1;P/NP CAJA DE MOLDE-PARISÓN;100.74-100.79;-;-;Hartford;CALIDAD;1;16/02/2024;15/02/2025;;-;APTO;mm;
PNPCAMP2;P/NP CAJA DE MOLDE-PARISÓN;85.78-85.85;-;-;Hartford;CALIDAD;1;16/02/2024;15/02/2025;;-;APTO;mm;
PNPCAMP3;P/NP CAJA DE MOLDE-PARISÓN;75.34-75.36;-;-;Hartford;CALIDAD;1;30/04/2024;30/04/2025;;-;APTO;mm;
PNPCAMP4;P/NP CAJA DE MOLDE-PARISÓN;73.05-73.13;-;-;Hartford;CALIDAD;1;06/05/2024;06/05/2025;;-;APTO;mm;
PNPCAMP5;P/NP CAJA DE MOLDE-PARISÓN;60.38-60.43;-;-;Hartford;CALIDAD;1;16/02/2024;15/02/2025;;-;APTO;mm;
PNPCAMP6;P/NP CAJA DE MOLDE-PARISÓN;61.09-61.14;-;-;Hartford;CALIDAD;1;16/02/2024;15/02/2025;;-;APTO;mm;
PNPCAMP7;P/NP CAJA DE MOLDE-PARISÓN;49.94-49.96;-;-;Hartford;CALIDAD;1;16/02/2024;15/02/2025;;-;APTO;mm;
PNPCUF1;P/NP CUELLO DE FONDO;145.22-145.22;.;MT-13;HARTFORD;CALIDAD;1;30/04/2024;30/04/2025;;SIN OBSERVACIONES;APTO;mm;
PNPCUF10;P/NP CUELLO DE FONDO;35.02-35.02;623-A;_;HARTFORD;CALIDAD;5;08/05/2023;06/05/2028;;SIN OBSERVACIONES;APTO;mm;
PNPCUF11;P/NP CUELLO DE FONDO;34.95-34.96;191_MT_1;_;HARTFORD;CALIDAD;5;03/05/2023;01/05/2028;;SIN OBSERVACIONES;APTO;mm;
PNPCUF12;P/NP CUELLO DE FONDO;26.22-26.28;-;25.72;-;CALIDAD;0,5;;;;SIN OBSERVACIONES;APTO;mm;
PNPCUF2;P/NP CUELLO DE FONDO;111.12-111.12;.;623-D;HARTFORD;CALIDAD;5;06/05/2023;04/05/2028;;SIN OBSERVACIONES;APTO;mm;
PNPCUF3;P/NP CUELLO DE FONDO;85.80-85.80;3.375;M2378.6;_;CALIDAD;5;06/05/2023;04/05/2028;;SIN OBSERVACIONES;APTO;mm;
PNPCUF4;P/NP CUELLO DE FONDO;85.80-85.80;_;_;_;CALIDAD;5;06/05/2023;04/05/2028;;SIN OBSERVACIONES;APTO;mm;
PNPCUF5;P/NP CUELLO DE FONDO;75.41-75.41;191_MT_13;_;HARTFORD;CALIDAD;5;06/05/2023;04/05/2028;;SIN OBSERVACIONES;APTO;mm;
PNPCUF6;P/NP CUELLO DE FONDO;75.40-75.40;_;_;_;CALIDAD;5;;;;SIN OBSERVACIONES;APTO;mm;
PNPCUF7;P/NP CUELLO DE FONDO;73.10-73.10;191_MT_116;_;HARTFORD;CALIDAD;5;06/05/2023;04/05/2028;;SIN OBSERVACIONES;APTO;mm;
PNPCUF8;P/NP CUELLO DE FONDO;60.35-60.35;_;_;HARTFORD;CALIDAD;5;08/05/2023;06/05/2028;;3;APTO;mm;
PNPCUF9;P/NP CUELLO DE FONDO;54.04-54.04;_;_;HARTFORD;CALIDAD;5;08/05/2023;06/05/2028;;SIN OBSERVACIONES;APTO;mm;
PNPPLA1;P/NP PLATINA;145.22-145.22;S/M;S/Nº;HARTFORD;CALIDAD;1;16/02/2024;15/02/2025;;SIN OBSERVACIONES;APTO;mm;
PNPPLA2;P/NP PLATINA;128.00-128.00;S/M;S/Nº;HARTFORD;CALIDAD;1;16/02/2024;15/02/2025;;SIN OBSERVACIONES;APTO;mm;
PNPPLA3;P/NP PLATINA;113.50-113.50;S/M;S/Nº;HARTFORD;CALIDAD;1;;;;SIN OBSERVACIONES;NO APTO;mm;
PNPPLA4;P/NP PLATINA;95-95;S/M;S/Nº;HARTFORD;CALIDAD;1;16/02/2024;15/02/2025;;SIN OBSERVACIONES;APTO;mm;
PNPPLA5;P/NP PLATINA;75.36-75.36;S/M;S/Nº;HARTFORD;CALIDAD;1;11/05/2024;11/05/2027;;SIN OBSERVACIONES;APTO;mm;
PNPPLA6;P/NP PLATINA;49.97-49.97;S/M;S/Nº;HARDFORT;CALIDAD;1;11/05/2024;11/05/2027;;SIN OBSERVACIONES;APTO;mm;
PNPPLA7;P/NP PLATINA;100.76-100.76;-;-;-;CALIDAD;1;11/05/2024;11/05/2027;;SIN OBSERVACIONES;APTO;mm;
TERM1;TERMOMETRO DIGITAL;1300º;;;TERMOMETER 1300;CALIDAD;2;07/04/2024;07/04/2025;4985;;APTO;;
